20201028002626596,3727.03598,N,12639.42306,E,61.9,M
20201028002626697,3727.03595,N,12639.42305,E,62.0,M
20201028002626796,3727.03597,N,12639.42307,E,62.0,M
20201028002626900,3727.03592,N,12639.42305,E,62.1,M
20201028002626996,3727.03592,N,12639.42306,E,62.1,M
20201028002627130,3727.03591,N,12639.42305,E,62.3,M
20201028002627195,3727.03589,N,12639.42305,E,62.3,M
20201028002627291,3727.03588,N,12639.42305,E,62.4,M
20201028002627395,3727.03587,N,12639.42305,E,62.5,M
20201028002627498,3727.03584,N,12639.42304,E,62.5,M
20201028002627595,3727.03585,N,12639.42305,E,62.6,M
20201028002627697,3727.03582,N,12639.42303,E,62.7,M
20201028002627793,3727.03583,N,12639.42305,E,62.7,M
20201028002627899,3727.03582,N,12639.42305,E,62.8,M
20201028002628000,3727.03581,N,12639.42304,E,62.9,M
20201028002628098,3727.03579,N,12639.42305,E,62.9,M
20201028002628198,3727.03580,N,12639.42306,E,63.0,M
20201028002628298,3727.03578,N,12639.42306,E,63.1,M
20201028002628397,3727.03576,N,12639.42304,E,63.2,M
20201028002628490,3727.03576,N,12639.42306,E,63.2,M
20201028002628594,3727.03575,N,12639.42305,E,63.2,M
20201028002628696,3727.03574,N,12639.42304,E,63.3,M
20201028002628798,3727.03572,N,12639.42304,E,63.4,M
20201028002628897,3727.03570,N,12639.42303,E,63.4,M
20201028002628995,3727.03567,N,12639.42301,E,63.5,M
20201028002629095,3727.03568,N,12639.42303,E,63.5,M
20201028002629203,3727.03567,N,12639.42302,E,63.6,M
20201028002629298,3727.03565,N,12639.42301,E,63.7,M
20201028002629395,3727.03565,N,12639.42303,E,63.7,M
20201028002629496,3727.03565,N,12639.42303,E,63.8,M
20201028002629596,3727.03561,N,12639.42300,E,63.9,M
20201028002629700,3727.03560,N,12639.42301,E,63.9,M
20201028002629798,3727.03559,N,12639.42300,E,64.0,M
20201028002629893,3727.03555,N,12639.42297,E,64.1,M
20201028002629985,3727.03555,N,12639.42299,E,64.1,M
20201028002630099,3727.03550,N,12639.42295,E,64.2,M
20201028002630198,3727.03550,N,12639.42296,E,64.2,M
20201028002630296,3727.03547,N,12639.42295,E,64.2,M
20201028002630395,3727.03542,N,12639.42293,E,64.3,M
20201028002630494,3727.03543,N,12639.42293,E,64.3,M
20201028002630596,3727.03539,N,12639.42291,E,64.4,M
20201028002630698,3727.03538,N,12639.42291,E,64.4,M
20201028002630798,3727.03534,N,12639.42290,E,64.5,M
20201028002630909,3727.03531,N,12639.42287,E,64.5,M
20201028002631002,3727.03530,N,12639.42288,E,64.6,M
20201028002631113,3727.03530,N,12639.42288,E,64.6,M
20201028002631199,3727.03527,N,12639.42286,E,64.6,M
20201028002631293,3727.03526,N,12639.42287,E,64.7,M
20201028002631396,3727.03523,N,12639.42285,E,64.8,M
20201028002631500,3727.03519,N,12639.42283,E,64.8,M
20201028002631599,3727.03517,N,12639.42282,E,64.8,M
20201028002631701,3727.03515,N,12639.42282,E,64.9,M
20201028002631803,3727.03513,N,12639.42282,E,64.9,M
20201028002631899,3727.03509,N,12639.42279,E,64.9,M
20201028002632000,3727.03508,N,12639.42280,E,64.9,M
20201028002632099,3727.03504,N,12639.42277,E,65.0,M
20201028002632196,3727.03502,N,12639.42276,E,65.1,M
20201028002632295,3727.03500,N,12639.42276,E,65.1,M
20201028002632393,3727.03497,N,12639.42275,E,65.1,M
20201028002632496,3727.03495,N,12639.42273,E,65.2,M
20201028002632594,3727.03494,N,12639.42275,E,65.2,M
20201028002632690,3727.03487,N,12639.42269,E,65.3,M
20201028002632794,3727.03486,N,12639.42270,E,65.3,M
20201028002632898,3727.03484,N,12639.42269,E,65.4,M
20201028002632997,3727.03480,N,12639.42267,E,65.4,M
20201028002633101,3727.03477,N,12639.42267,E,65.4,M
20201028002633200,3727.03473,N,12639.42265,E,65.5,M
20201028002633294,3727.03472,N,12639.42264,E,65.5,M
20201028002633397,3727.03466,N,12639.42263,E,65.6,M
20201028002633497,3727.03465,N,12639.42262,E,65.6,M
20201028002633599,3727.03462,N,12639.42261,E,65.6,M
20201028002633698,3727.03459,N,12639.42262,E,65.6,M
20201028002633797,3727.03458,N,12639.42261,E,65.6,M
20201028002633896,3727.03456,N,12639.42261,E,65.6,M
20201028002633992,3727.03453,N,12639.42260,E,65.7,M
20201028002634089,3727.03449,N,12639.42258,E,65.7,M
20201028002634197,3727.03448,N,12639.42258,E,65.7,M
20201028002634295,3727.03445,N,12639.42257,E,65.7,M
20201028002634398,3727.03443,N,12639.42257,E,65.7,M
20201028002634499,3727.03439,N,12639.42255,E,65.7,M
20201028002634598,3727.03437,N,12639.42254,E,65.8,M
20201028002634698,3727.03436,N,12639.42254,E,65.7,M
20201028002634798,3727.03431,N,12639.42252,E,65.7,M
20201028002634898,3727.03431,N,12639.42253,E,65.7,M
20201028002634996,3727.03427,N,12639.42251,E,65.7,M
20201028002635098,3727.03426,N,12639.42251,E,65.7,M
20201028002635197,3727.03423,N,12639.42249,E,65.8,M
20201028002635298,3727.03421,N,12639.42250,E,65.8,M
20201028002635390,3727.03419,N,12639.42248,E,65.8,M
20201028002635494,3727.03415,N,12639.42247,E,65.8,M
20201028002635597,3727.03415,N,12639.42247,E,65.8,M
20201028002635696,3727.03410,N,12639.42244,E,65.8,M
20201028002635795,3727.03411,N,12639.42246,E,65.8,M
20201028002635898,3727.03409,N,12639.42244,E,65.9,M
20201028002635995,3727.03406,N,12639.42243,E,65.9,M
20201028002636099,3727.03405,N,12639.42243,E,65.8,M
20201028002636197,3727.03403,N,12639.42243,E,65.8,M
20201028002636296,3727.03400,N,12639.42241,E,65.9,M
20201028002636395,3727.03397,N,12639.42241,E,65.8,M
20201028002636500,3727.03397,N,12639.42241,E,65.8,M
20201028002636601,3727.03393,N,12639.42240,E,65.8,M
20201028002636697,3727.03390,N,12639.42239,E,65.8,M
20201028002636798,3727.03388,N,12639.42238,E,65.8,M
20201028002636895,3727.03386,N,12639.42238,E,65.8,M
20201028002636995,3727.03381,N,12639.42236,E,65.8,M
20201028002637100,3727.03380,N,12639.42236,E,65.8,M
20201028002637201,3727.03378,N,12639.42236,E,65.8,M
20201028002637296,3727.03375,N,12639.42235,E,65.8,M
20201028002637398,3727.03371,N,12639.42235,E,65.8,M
20201028002637500,3727.03368,N,12639.42233,E,65.8,M
20201028002637602,3727.03367,N,12639.42233,E,65.8,M
20201028002637699,3727.03361,N,12639.42231,E,65.9,M
20201028002637798,3727.03358,N,12639.42229,E,65.9,M
20201028002637898,3727.03354,N,12639.42228,E,66.0,M
20201028002637996,3727.03350,N,12639.42226,E,66.0,M
20201028002638093,3727.03348,N,12639.42225,E,66.0,M
20201028002638190,3727.03344,N,12639.42224,E,66.1,M
20201028002638296,3727.03343,N,12639.42222,E,66.2,M
20201028002638395,3727.03339,N,12639.42221,E,66.2,M
20201028002638496,3727.03337,N,12639.42221,E,66.2,M
20201028002638596,3727.03337,N,12639.42221,E,66.2,M
20201028002638693,3727.03334,N,12639.42220,E,66.2,M
20201028002638793,3727.03332,N,12639.42219,E,66.2,M
20201028002638897,3727.03330,N,12639.42219,E,66.2,M
20201028002638992,3727.03328,N,12639.42220,E,66.2,M
20201028002639101,3727.03328,N,12639.42220,E,66.1,M
20201028002639194,3727.03322,N,12639.42217,E,66.2,M
20201028002639296,3727.03320,N,12639.42217,E,66.2,M
20201028002639395,3727.03320,N,12639.42218,E,66.2,M
20201028002639490,3727.03316,N,12639.42216,E,66.2,M
20201028002639594,3727.03314,N,12639.42216,E,66.2,M
20201028002639697,3727.03312,N,12639.42214,E,66.3,M
20201028002639796,3727.03311,N,12639.42216,E,66.2,M
20201028002639896,3727.03308,N,12639.42214,E,66.3,M
20201028002639999,3727.03306,N,12639.42214,E,66.3,M
20201028002640101,3727.03304,N,12639.42214,E,66.3,M
20201028002640197,3727.03303,N,12639.42212,E,66.4,M
20201028002640295,3727.03302,N,12639.42212,E,66.4,M
20201028002640397,3727.03300,N,12639.42212,E,66.4,M
20201028002640495,3727.03299,N,12639.42212,E,66.4,M
20201028002640598,3727.03299,N,12639.42213,E,66.4,M
20201028002640697,3727.03295,N,12639.42210,E,66.4,M
20201028002640794,3727.03295,N,12639.42212,E,66.4,M
20201028002640894,3727.03292,N,12639.42210,E,66.4,M
20201028002641000,3727.03292,N,12639.42210,E,66.4,M
20201028002641102,3727.03288,N,12639.42208,E,66.4,M
20201028002641202,3727.03287,N,12639.42208,E,66.4,M
20201028002641295,3727.03283,N,12639.42206,E,66.5,M
20201028002641396,3727.03283,N,12639.42206,E,66.4,M
20201028002641496,3727.03281,N,12639.42206,E,66.4,M
20201028002641599,3727.03275,N,12639.42202,E,66.5,M
20201028002641697,3727.03274,N,12639.42203,E,66.4,M
20201028002641797,3727.03272,N,12639.42202,E,66.4,M
20201028002641895,3727.03270,N,12639.42200,E,66.4,M
20201028002641995,3727.03268,N,12639.42201,E,66.4,M
20201028002642099,3727.03267,N,12639.42201,E,66.3,M
20201028002642190,3727.03264,N,12639.42199,E,66.3,M
20201028002642287,3727.03261,N,12639.42198,E,66.3,M
20201028002642397,3727.03260,N,12639.42198,E,66.3,M
20201028002642499,3727.03257,N,12639.42195,E,66.3,M
20201028002642593,3727.03255,N,12639.42196,E,66.2,M
20201028002642694,3727.03252,N,12639.42195,E,66.2,M
20201028002642795,3727.03249,N,12639.42193,E,66.2,M
20201028002642893,3727.03247,N,12639.42193,E,66.2,M
20201028002642991,3727.03246,N,12639.42193,E,66.2,M
20201028002643095,3727.03242,N,12639.42191,E,66.2,M
20201028002643195,3727.03242,N,12639.42192,E,66.2,M
20201028002643297,3727.03240,N,12639.42191,E,66.1,M
20201028002643397,3727.03238,N,12639.42191,E,66.1,M
20201028002643493,3727.03237,N,12639.42192,E,66.1,M
20201028002643590,3727.03236,N,12639.42191,E,66.0,M
20201028002643695,3727.03234,N,12639.42192,E,66.0,M
20201028002643795,3727.03233,N,12639.42192,E,65.9,M
20201028002643894,3727.03232,N,12639.42192,E,65.9,M
20201028002643995,3727.03231,N,12639.42193,E,65.9,M
20201028002644096,3727.03228,N,12639.42191,E,65.9,M
20201028002644195,3727.03227,N,12639.42192,E,65.8,M
20201028002644300,3727.03229,N,12639.42194,E,65.8,M
20201028002644398,3727.03228,N,12639.42194,E,65.7,M
20201028002644496,3727.03227,N,12639.42193,E,65.7,M
20201028002644594,3727.03226,N,12639.42193,E,65.7,M
20201028002644697,3727.03223,N,12639.42191,E,65.7,M
20201028002644794,3727.03225,N,12639.42193,E,65.6,M
20201028002644891,3727.03223,N,12639.42193,E,65.5,M
20201028002644987,3727.03223,N,12639.42193,E,65.5,M
20201028002645097,3727.03219,N,12639.42191,E,65.5,M
20201028002645194,3727.03220,N,12639.42192,E,65.5,M
20201028002645295,3727.03217,N,12639.42190,E,65.4,M
20201028002645396,3727.03217,N,12639.42190,E,65.4,M
20201028002645497,3727.03217,N,12639.42190,E,65.4,M
20201028002645594,3727.03217,N,12639.42190,E,65.3,M
20201028002645696,3727.03215,N,12639.42190,E,65.3,M
20201028002645795,3727.03213,N,12639.42188,E,65.3,M
20201028002645896,3727.03214,N,12639.42190,E,65.2,M
20201028002645993,3727.03212,N,12639.42188,E,65.2,M
20201028002646100,3727.03212,N,12639.42189,E,65.1,M
20201028002646197,3727.03211,N,12639.42188,E,65.1,M
20201028002646293,3727.03210,N,12639.42188,E,65.1,M
20201028002646395,3727.03207,N,12639.42186,E,65.1,M
20201028002646499,3727.03209,N,12639.42187,E,65.0,M
20201028002646595,3727.03208,N,12639.42187,E,65.0,M
20201028002646696,3727.03206,N,12639.42185,E,65.0,M
20201028002646796,3727.03207,N,12639.42187,E,64.9,M
20201028002646896,3727.03204,N,12639.42185,E,64.9,M
20201028002646994,3727.03202,N,12639.42183,E,64.9,M
20201028002647094,3727.03202,N,12639.42184,E,64.8,M
20201028002647194,3727.03200,N,12639.42183,E,64.8,M
20201028002647295,3727.03199,N,12639.42183,E,64.8,M
20201028002647394,3727.03198,N,12639.42182,E,64.8,M
20201028002647494,3727.03195,N,12639.42180,E,64.8,M
20201028002647593,3727.03196,N,12639.42180,E,64.7,M
20201028002647687,3727.03195,N,12639.42180,E,64.7,M
20201028002647792,3727.03194,N,12639.42179,E,64.7,M
20201028002647894,3727.03193,N,12639.42178,E,64.7,M
20201028002647992,3727.03193,N,12639.42179,E,64.6,M
20201028002648104,3727.03194,N,12639.42179,E,64.6,M
20201028002648209,3727.03192,N,12639.42177,E,64.6,M
20201028002648294,3727.03191,N,12639.42178,E,64.6,M
20201028002648393,3727.03190,N,12639.42176,E,64.6,M
20201028002648500,3727.03191,N,12639.42176,E,64.6,M
20201028002648600,3727.03191,N,12639.42176,E,64.5,M
20201028002648695,3727.03190,N,12639.42176,E,64.5,M
20201028002648794,3727.03189,N,12639.42175,E,64.5,M
20201028002648895,3727.03190,N,12639.42176,E,64.4,M
20201028002648991,3727.03189,N,12639.42175,E,64.4,M
20201028002649092,3727.03188,N,12639.42175,E,64.4,M
20201028002649199,3727.03189,N,12639.42176,E,64.4,M
20201028002649294,3727.03187,N,12639.42175,E,64.3,M
20201028002649396,3727.03186,N,12639.42172,E,64.3,M
20201028002649496,3727.03185,N,12639.42171,E,64.2,M
20201028002649601,3727.03183,N,12639.42172,E,64.2,M
20201028002649704,3727.03184,N,12639.42173,E,64.2,M
20201028002649796,3727.03182,N,12639.42172,E,64.2,M
20201028002649894,3727.03182,N,12639.42172,E,64.1,M
20201028002649997,3727.03182,N,12639.42172,E,64.0,M
20201028002650100,3727.03182,N,12639.42172,E,64.0,M
20201028002650198,3727.03183,N,12639.42174,E,64.0,M
20201028002650291,3727.03183,N,12639.42175,E,63.9,M
20201028002650390,3727.03181,N,12639.42173,E,63.8,M
20201028002650496,3727.03182,N,12639.42174,E,63.7,M
20201028002650593,3727.03182,N,12639.42176,E,63.7,M
20201028002650697,3727.03183,N,12639.42178,E,63.6,M
20201028002650793,3727.03184,N,12639.42180,E,63.5,M
20201028002650898,3727.03184,N,12639.42180,E,63.5,M
20201028002651000,3727.03188,N,12639.42184,E,63.4,M
20201028002651102,3727.03187,N,12639.42184,E,63.3,M
20201028002651207,3727.03188,N,12639.42185,E,63.2,M
20201028002651299,3727.03189,N,12639.42186,E,63.2,M
20201028002651402,3727.03189,N,12639.42187,E,63.1,M
20201028002651502,3727.03191,N,12639.42190,E,63.0,M
20201028002651593,3727.03191,N,12639.42190,E,62.9,M
20201028002651687,3727.03193,N,12639.42193,E,62.8,M
20201028002651788,3727.03193,N,12639.42193,E,62.8,M
20201028002651891,3727.03197,N,12639.42197,E,62.6,M
20201028002651999,3727.03196,N,12639.42197,E,62.6,M
20201028002652095,3727.03197,N,12639.42197,E,62.5,M
20201028002652201,3727.03199,N,12639.42200,E,62.4,M
20201028002652306,3727.03202,N,12639.42202,E,62.3,M
20201028002652394,3727.03203,N,12639.42202,E,62.2,M
20201028002652494,3727.03205,N,12639.42205,E,62.2,M
20201028002652593,3727.03206,N,12639.42207,E,62.1,M
20201028002652698,3727.03205,N,12639.42206,E,62.0,M
20201028002652794,3727.03207,N,12639.42208,E,62.0,M
20201028002652894,3727.03209,N,12639.42210,E,61.9,M
20201028002652993,3727.03209,N,12639.42210,E,61.9,M
20201028002653089,3727.03209,N,12639.42211,E,61.8,M
20201028002653191,3727.03208,N,12639.42210,E,61.7,M
20201028002653292,3727.03210,N,12639.42211,E,61.7,M
20201028002653395,3727.03208,N,12639.42210,E,61.6,M
20201028002653494,3727.03210,N,12639.42212,E,61.6,M
20201028002653595,3727.03212,N,12639.42214,E,61.5,M
20201028002653699,3727.03211,N,12639.42212,E,61.5,M
20201028002653795,3727.03213,N,12639.42216,E,61.4,M
20201028002653906,3727.03213,N,12639.42215,E,61.4,M
20201028002653995,3727.03212,N,12639.42216,E,61.4,M
20201028002654103,3727.03215,N,12639.42219,E,61.3,M
20201028002654196,3727.03217,N,12639.42220,E,61.2,M
20201028002654298,3727.03219,N,12639.42224,E,61.1,M
20201028002654392,3727.03219,N,12639.42225,E,61.1,M
20201028002654494,3727.03221,N,12639.42227,E,61.0,M
20201028002654602,3727.03221,N,12639.42227,E,61.0,M
20201028002654695,3727.03224,N,12639.42230,E,60.9,M
20201028002654802,3727.03224,N,12639.42230,E,60.8,M
20201028002654893,3727.03225,N,12639.42232,E,60.8,M
20201028002654990,3727.03225,N,12639.42232,E,60.7,M
20201028002655101,3727.03226,N,12639.42234,E,60.6,M
20201028002655197,3727.03227,N,12639.42236,E,60.6,M
20201028002655295,3727.03229,N,12639.42238,E,60.5,M
20201028002655397,3727.03228,N,12639.42238,E,60.5,M
20201028002655493,3727.03231,N,12639.42241,E,60.3,M
20201028002655592,3727.03233,N,12639.42245,E,60.2,M
20201028002655694,3727.03233,N,12639.42246,E,60.2,M
20201028002655787,3727.03236,N,12639.42250,E,60.1,M
20201028002655887,3727.03236,N,12639.42250,E,60.0,M
20201028002655998,3727.03239,N,12639.42254,E,60.0,M
20201028002656094,3727.03241,N,12639.42256,E,59.9,M
20201028002656196,3727.03243,N,12639.42259,E,59.8,M
20201028002656294,3727.03244,N,12639.42260,E,59.8,M
20201028002656396,3727.03245,N,12639.42260,E,59.8,M
20201028002656495,3727.03247,N,12639.42261,E,59.7,M
20201028002656593,3727.03247,N,12639.42261,E,59.7,M
20201028002656693,3727.03248,N,12639.42264,E,59.7,M
20201028002656794,3727.03249,N,12639.42264,E,59.6,M
20201028002656894,3727.03253,N,12639.42267,E,59.6,M
20201028002656994,3727.03253,N,12639.42266,E,59.6,M
20201028002657094,3727.03255,N,12639.42269,E,59.5,M
20201028002657190,3727.03255,N,12639.42269,E,59.4,M
20201028002657297,3727.03256,N,12639.42269,E,59.5,M
20201028002657397,3727.03255,N,12639.42269,E,59.4,M
20201028002657494,3727.03259,N,12639.42272,E,59.4,M
20201028002657591,3727.03258,N,12639.42270,E,59.4,M
20201028002657693,3727.03260,N,12639.42270,E,59.4,M
20201028002657799,3727.03261,N,12639.42271,E,59.4,M
20201028002657894,3727.03261,N,12639.42270,E,59.3,M
20201028002657994,3727.03263,N,12639.42271,E,59.3,M
20201028002658104,3727.03264,N,12639.42270,E,59.3,M
20201028002658194,3727.03265,N,12639.42270,E,59.3,M
20201028002658301,3727.03267,N,12639.42271,E,59.3,M
20201028002658402,3727.03267,N,12639.42272,E,59.3,M
20201028002658494,3727.03270,N,12639.42272,E,59.2,M
20201028002658589,3727.03272,N,12639.42272,E,59.2,M
20201028002658694,3727.03273,N,12639.42273,E,59.3,M
20201028002658798,3727.03274,N,12639.42274,E,59.2,M
20201028002658894,3727.03276,N,12639.42273,E,59.2,M
20201028002659001,3727.03278,N,12639.42275,E,59.2,M
20201028002659096,3727.03277,N,12639.42274,E,59.2,M
20201028002659203,3727.03280,N,12639.42275,E,59.2,M
20201028002659295,3727.03280,N,12639.42274,E,59.2,M
20201028002659397,3727.03285,N,12639.42278,E,59.1,M
20201028002659492,3727.03284,N,12639.42275,E,59.1,M
20201028002659601,3727.03287,N,12639.42278,E,59.1,M
20201028002659698,3727.03289,N,12639.42278,E,59.0,M
20201028002659794,3727.03291,N,12639.42279,E,59.1,M
20201028002659890,3727.03292,N,12639.42279,E,59.0,M
20201028002659996,3727.03294,N,12639.42279,E,59.0,M
20201028002700104,3727.03295,N,12639.42280,E,59.0,M
20201028002700195,3727.03297,N,12639.42279,E,59.0,M
20201028002700300,3727.03298,N,12639.42280,E,59.0,M
20201028002700403,3727.03301,N,12639.42281,E,58.9,M
20201028002700503,3727.03302,N,12639.42280,E,59.0,M
20201028002700600,3727.03302,N,12639.42280,E,59.0,M
20201028002700696,3727.03303,N,12639.42279,E,59.0,M
20201028002700796,3727.03304,N,12639.42279,E,59.0,M
20201028002700893,3727.03309,N,12639.42280,E,58.9,M
20201028002700995,3727.03308,N,12639.42279,E,59.0,M
20201028002701103,3727.03307,N,12639.42278,E,59.0,M
20201028002701200,3727.03310,N,12639.42278,E,58.9,M
20201028002701297,3727.03311,N,12639.42278,E,59.0,M
20201028002701402,3727.03313,N,12639.42278,E,59.0,M
20201028002701505,3727.03314,N,12639.42277,E,59.0,M
20201028002701598,3727.03316,N,12639.42278,E,59.0,M
20201028002701701,3727.03317,N,12639.42278,E,59.0,M
20201028002701796,3727.03318,N,12639.42277,E,59.0,M
20201028002701902,3727.03320,N,12639.42279,E,59.0,M
20201028002701997,3727.03323,N,12639.42280,E,58.9,M
20201028002702102,3727.03323,N,12639.42278,E,59.0,M
20201028002702198,3727.03328,N,12639.42281,E,58.9,M
20201028002702300,3727.03328,N,12639.42279,E,58.9,M
20201028002702396,3727.03331,N,12639.42281,E,59.0,M
20201028002702500,3727.03332,N,12639.42281,E,59.0,M
20201028002702587,3727.03335,N,12639.42281,E,58.9,M
20201028002702691,3727.03335,N,12639.42280,E,59.0,M
20201028002702793,3727.03338,N,12639.42281,E,59.0,M
20201028002702893,3727.03338,N,12639.42280,E,59.0,M
20201028002702991,3727.03340,N,12639.42281,E,59.0,M
20201028002703094,3727.03339,N,12639.42278,E,59.1,M
20201028002703192,3727.03343,N,12639.42280,E,59.1,M
20201028002703293,3727.03346,N,12639.42281,E,59.0,M
20201028002703397,3727.03345,N,12639.42280,E,59.1,M
20201028002703494,3727.03348,N,12639.42279,E,59.1,M
20201028002703596,3727.03349,N,12639.42280,E,59.1,M
20201028002703694,3727.03350,N,12639.42278,E,59.1,M
20201028002703795,3727.03351,N,12639.42278,E,59.1,M
20201028002703893,3727.03353,N,12639.42279,E,59.2,M
20201028002703987,3727.03355,N,12639.42279,E,59.2,M
20201028002704097,3727.03357,N,12639.42279,E,59.2,M
20201028002704197,3727.03360,N,12639.42280,E,59.2,M
20201028002704300,3727.03361,N,12639.42278,E,59.2,M
20201028002704398,3727.03361,N,12639.42278,E,59.2,M
20201028002704494,3727.03363,N,12639.42278,E,59.2,M
20201028002704600,3727.03366,N,12639.42278,E,59.3,M
20201028002704703,3727.03367,N,12639.42277,E,59.3,M
20201028002704795,3727.03369,N,12639.42277,E,59.3,M
20201028002704892,3727.03370,N,12639.42277,E,59.3,M
20201028002704993,3727.03370,N,12639.42277,E,59.3,M
20201028002705099,3727.03373,N,12639.42277,E,59.4,M
20201028002705196,3727.03374,N,12639.42276,E,59.4,M
20201028002705295,3727.03376,N,12639.42276,E,59.4,M
20201028002705388,3727.03378,N,12639.42276,E,59.4,M
20201028002705495,3727.03376,N,12639.42273,E,59.5,M
20201028002705597,3727.03379,N,12639.42274,E,59.5,M
20201028002705697,3727.03381,N,12639.42274,E,59.5,M
20201028002705798,3727.03380,N,12639.42272,E,59.5,M
20201028002705895,3727.03382,N,12639.42272,E,59.6,M
20201028002705998,3727.03382,N,12639.42271,E,59.6,M
20201028002706098,3727.03383,N,12639.42269,E,59.6,M
20201028002706199,3727.03385,N,12639.42270,E,59.6,M
20201028002706298,3727.03386,N,12639.42267,E,59.7,M
20201028002706400,3727.03388,N,12639.42268,E,59.7,M
20201028002706495,3727.03387,N,12639.42266,E,59.7,M
20201028002706594,3727.03387,N,12639.42264,E,59.8,M
20201028002706689,3727.03390,N,12639.42265,E,59.8,M
20201028002706796,3727.03393,N,12639.42265,E,59.8,M
20201028002706894,3727.03394,N,12639.42265,E,59.8,M
20201028002706997,3727.03395,N,12639.42266,E,59.9,M
20201028002707094,3727.03398,N,12639.42265,E,59.9,M
20201028002707194,3727.03400,N,12639.42266,E,59.9,M
20201028002707294,3727.03400,N,12639.42266,E,59.9,M
20201028002707402,3727.03404,N,12639.42267,E,59.9,M
20201028002707494,3727.03406,N,12639.42267,E,59.9,M
20201028002707597,3727.03406,N,12639.42266,E,60.0,M
20201028002707692,3727.03410,N,12639.42268,E,60.0,M
20201028002707793,3727.03410,N,12639.42268,E,60.0,M
20201028002707895,3727.03413,N,12639.42270,E,60.0,M
20201028002707994,3727.03415,N,12639.42270,E,60.1,M
20201028002708090,3727.03419,N,12639.42271,E,60.1,M
20201028002708195,3727.03421,N,12639.42273,E,60.0,M
20201028002708296,3727.03421,N,12639.42272,E,60.0,M
20201028002708393,3727.03425,N,12639.42274,E,60.0,M
20201028002708497,3727.03427,N,12639.42274,E,60.0,M
20201028002708592,3727.03430,N,12639.42276,E,60.1,M
20201028002708694,3727.03431,N,12639.42275,E,60.1,M
20201028002708797,3727.03434,N,12639.42276,E,60.1,M
20201028002708896,3727.03435,N,12639.42275,E,60.1,M
20201028002708991,3727.03438,N,12639.42275,E,60.2,M
20201028002709096,3727.03438,N,12639.42275,E,60.2,M
20201028002709191,3727.03440,N,12639.42276,E,60.2,M
20201028002709295,3727.03440,N,12639.42274,E,60.2,M
20201028002709391,3727.03441,N,12639.42273,E,60.3,M
20201028002709491,3727.03443,N,12639.42275,E,60.3,M
20201028002709595,3727.03446,N,12639.42275,E,60.3,M
20201028002709694,3727.03448,N,12639.42274,E,60.4,M
20201028002709795,3727.03451,N,12639.42275,E,60.4,M
20201028002709891,3727.03450,N,12639.42273,E,60.4,M
20201028002709994,3727.03453,N,12639.42274,E,60.5,M
20201028002710093,3727.03453,N,12639.42273,E,60.5,M
20201028002710200,3727.03453,N,12639.42271,E,60.6,M
20201028002710293,3727.03459,N,12639.42273,E,60.6,M
20201028002710396,3727.03457,N,12639.42271,E,60.7,M
20201028002710491,3727.03460,N,12639.42270,E,60.7,M
20201028002710599,3727.03462,N,12639.42270,E,60.7,M
20201028002710692,3727.03464,N,12639.42271,E,60.8,M
20201028002710789,3727.03463,N,12639.42268,E,60.8,M
20201028002710895,3727.03465,N,12639.42269,E,60.9,M
20201028002711003,3727.03468,N,12639.42269,E,60.9,M
20201028002711097,3727.03469,N,12639.42269,E,60.9,M
20201028002711200,3727.03472,N,12639.42269,E,60.9,M
20201028002711296,3727.03474,N,12639.42270,E,61.0,M
20201028002711401,3727.03474,N,12639.42269,E,61.0,M
20201028002711498,3727.03480,N,12639.42272,E,60.9,M
20201028002711601,3727.03481,N,12639.42271,E,61.0,M
20201028002711699,3727.03481,N,12639.42270,E,61.0,M
20201028002711798,3727.03485,N,12639.42272,E,60.9,M
20201028002711898,3727.03489,N,12639.42274,E,60.9,M
20201028002711996,3727.03492,N,12639.42276,E,60.9,M
20201028002712095,3727.03495,N,12639.42277,E,60.9,M
20201028002712198,3727.03499,N,12639.42279,E,60.9,M
20201028002712291,3727.03499,N,12639.42277,E,60.9,M
20201028002712395,3727.03504,N,12639.42281,E,60.8,M
20201028002712491,3727.03508,N,12639.42282,E,60.8,M
20201028002712593,3727.03509,N,12639.42281,E,60.8,M
20201028002712697,3727.03512,N,12639.42284,E,60.8,M
20201028002712794,3727.03514,N,12639.42283,E,60.8,M
20201028002712894,3727.03516,N,12639.42285,E,60.8,M
20201028002712995,3727.03518,N,12639.42285,E,60.8,M
20201028002713098,3727.03519,N,12639.42283,E,60.9,M
20201028002713194,3727.03522,N,12639.42285,E,60.9,M
20201028002713292,3727.03523,N,12639.42285,E,60.9,M
20201028002713392,3727.03524,N,12639.42284,E,60.9,M
20201028002713489,3727.03527,N,12639.42286,E,61.0,M
20201028002713593,3727.03527,N,12639.42284,E,60.9,M
20201028002713691,3727.03527,N,12639.42284,E,61.0,M
20201028002713792,3727.03531,N,12639.42284,E,61.0,M
20201028002713895,3727.03532,N,12639.42284,E,61.0,M
20201028002713997,3727.03531,N,12639.42283,E,61.0,M
20201028002714095,3727.03534,N,12639.42283,E,61.1,M
20201028002714199,3727.03534,N,12639.42283,E,61.0,M
20201028002714296,3727.03536,N,12639.42282,E,61.0,M
20201028002714395,3727.03540,N,12639.42283,E,61.0,M
20201028002714494,3727.03538,N,12639.42283,E,61.1,M
20201028002714593,3727.03537,N,12639.42280,E,61.1,M
20201028002714695,3727.03542,N,12639.42283,E,61.1,M
20201028002714791,3727.03542,N,12639.42282,E,61.1,M
20201028002714883,3727.03541,N,12639.42281,E,61.0,M
20201028002714995,3727.03545,N,12639.42284,E,61.0,M
20201028002715094,3727.03547,N,12639.42284,E,61.1,M
20201028002715194,3727.03547,N,12639.42285,E,61.0,M
20201028002715293,3727.03550,N,12639.42285,E,61.0,M
20201028002715397,3727.03551,N,12639.42285,E,61.0,M
20201028002715494,3727.03554,N,12639.42287,E,61.0,M
20201028002715594,3727.03551,N,12639.42284,E,61.0,M
20201028002715691,3727.03555,N,12639.42286,E,61.0,M
20201028002715793,3727.03554,N,12639.42283,E,60.9,M
20201028002715894,3727.03557,N,12639.42284,E,61.0,M
20201028002715996,3727.03558,N,12639.42284,E,61.0,M
20201028002716096,3727.03558,N,12639.42284,E,61.0,M
20201028002716189,3727.03560,N,12639.42285,E,61.0,M
20201028002716291,3727.03562,N,12639.42285,E,61.0,M
20201028002716397,3727.03563,N,12639.42285,E,60.9,M
20201028002716496,3727.03567,N,12639.42288,E,60.9,M
20201028002716595,3727.03564,N,12639.42285,E,61.0,M
20201028002716703,3727.03567,N,12639.42287,E,61.0,M
20201028002716793,3727.03568,N,12639.42287,E,60.9,M
20201028002716898,3727.03572,N,12639.42290,E,60.9,M
20201028002716998,3727.03572,N,12639.42290,E,60.9,M
20201028002717098,3727.03569,N,12639.42287,E,60.9,M
20201028002717197,3727.03570,N,12639.42287,E,60.8,M
20201028002717300,3727.03570,N,12639.42286,E,60.9,M
20201028002717397,3727.03572,N,12639.42286,E,60.9,M
20201028002717494,3727.03575,N,12639.42288,E,60.8,M
20201028002717590,3727.03574,N,12639.42286,E,60.9,M
20201028002717696,3727.03575,N,12639.42286,E,60.9,M
20201028002717795,3727.03575,N,12639.42286,E,60.9,M
20201028002717897,3727.03575,N,12639.42285,E,60.9,M
20201028002717994,3727.03576,N,12639.42285,E,60.9,M
20201028002718107,3727.03578,N,12639.42287,E,60.8,M
20201028002718196,3727.03578,N,12639.42285,E,60.9,M
20201028002718294,3727.03581,N,12639.42286,E,60.9,M
20201028002718402,3727.03578,N,12639.42284,E,60.9,M
20201028002718496,3727.03578,N,12639.42283,E,60.8,M
20201028002718598,3727.03578,N,12639.42281,E,60.8,M
20201028002718694,3727.03577,N,12639.42281,E,60.8,M
20201028002718797,3727.03578,N,12639.42282,E,60.8,M
20201028002718892,3727.03580,N,12639.42283,E,60.8,M
20201028002718991,3727.03579,N,12639.42282,E,60.8,M
20201028002719093,3727.03579,N,12639.42280,E,60.8,M
20201028002719197,3727.03579,N,12639.42281,E,60.7,M
20201028002719294,3727.03581,N,12639.42281,E,60.7,M
20201028002719397,3727.03582,N,12639.42281,E,60.8,M
20201028002719494,3727.03584,N,12639.42282,E,60.7,M
20201028002719596,3727.03584,N,12639.42281,E,60.7,M
20201028002719696,3727.03584,N,12639.42279,E,60.7,M
20201028002719795,3727.03585,N,12639.42279,E,60.7,M
20201028002719896,3727.03586,N,12639.42279,E,60.7,M
20201028002719997,3727.03587,N,12639.42277,E,60.7,M
20201028002720097,3727.03589,N,12639.42281,E,60.7,M
20201028002720188,3727.03589,N,12639.42278,E,60.7,M
20201028002720286,3727.03588,N,12639.42277,E,60.7,M
20201028002720389,3727.03587,N,12639.42275,E,60.7,M
20201028002720495,3727.03591,N,12639.42277,E,60.7,M
20201028002720592,3727.03592,N,12639.42275,E,60.8,M
20201028002720691,3727.03593,N,12639.42275,E,60.8,M
20201028002720794,3727.03593,N,12639.42275,E,60.8,M
20201028002720892,3727.03595,N,12639.42275,E,60.8,M
20201028002720994,3727.03597,N,12639.42274,E,60.8,M
20201028002721095,3727.03598,N,12639.42275,E,60.7,M
20201028002721193,3727.03599,N,12639.42274,E,60.8,M
20201028002721294,3727.03600,N,12639.42274,E,60.7,M
20201028002721398,3727.03599,N,12639.42274,E,60.7,M
20201028002721500,3727.03601,N,12639.42274,E,60.7,M
20201028002721591,3727.03600,N,12639.42272,E,60.8,M
20201028002721693,3727.03602,N,12639.42273,E,60.8,M
20201028002721796,3727.03601,N,12639.42271,E,60.8,M
20201028002721896,3727.03601,N,12639.42271,E,60.8,M
20201028002721996,3727.03602,N,12639.42270,E,60.8,M
20201028002722097,3727.03603,N,12639.42270,E,60.8,M
20201028002722200,3727.03601,N,12639.42268,E,60.8,M
20201028002722299,3727.03602,N,12639.42267,E,60.8,M
20201028002722407,3727.03605,N,12639.42270,E,60.8,M
20201028002722496,3727.03605,N,12639.42267,E,60.8,M
20201028002722597,3727.03606,N,12639.42267,E,60.8,M
20201028002722695,3727.03606,N,12639.42265,E,60.8,M
20201028002722795,3727.03608,N,12639.42265,E,60.8,M
20201028002722896,3727.03606,N,12639.42263,E,60.7,M
20201028002722992,3727.03607,N,12639.42261,E,60.7,M
20201028002723088,3727.03610,N,12639.42263,E,60.8,M
20201028002723193,3727.03608,N,12639.42260,E,60.7,M
20201028002723291,3727.03608,N,12639.42258,E,60.7,M
20201028002723396,3727.03609,N,12639.42259,E,60.7,M
20201028002723497,3727.03610,N,12639.42255,E,60.7,M
20201028002723597,3727.03611,N,12639.42256,E,60.6,M
20201028002723694,3727.03611,N,12639.42254,E,60.7,M
20201028002723794,3727.03612,N,12639.42253,E,60.6,M
20201028002723891,3727.03610,N,12639.42250,E,60.7,M
20201028002723996,3727.03611,N,12639.42252,E,60.6,M
20201028002724098,3727.03613,N,12639.42250,E,60.6,M
20201028002724197,3727.03615,N,12639.42248,E,60.6,M
20201028002724295,3727.03614,N,12639.42249,E,60.6,M
20201028002724391,3727.03615,N,12639.42246,E,60.6,M
20201028002724492,3727.03614,N,12639.42247,E,60.7,M
20201028002724598,3727.03615,N,12639.42246,E,60.7,M
20201028002724697,3727.03619,N,12639.42246,E,60.6,M
20201028002724797,3727.03619,N,12639.42247,E,60.7,M
20201028002724896,3727.03621,N,12639.42247,E,60.7,M
20201028002724995,3727.03624,N,12639.42246,E,60.6,M
20201028002725096,3727.03622,N,12639.42244,E,60.7,M
20201028002725196,3727.03622,N,12639.42243,E,60.7,M
20201028002725295,3727.03624,N,12639.42245,E,60.7,M
20201028002725396,3727.03625,N,12639.42244,E,60.7,M
20201028002725495,3727.03628,N,12639.42244,E,60.6,M
20201028002725596,3727.03629,N,12639.42242,E,60.6,M
20201028002725692,3727.03629,N,12639.42244,E,60.7,M
20201028002725793,3727.03633,N,12639.42244,E,60.6,M
20201028002725893,3727.03634,N,12639.42243,E,60.5,M
20201028002725996,3727.03634,N,12639.42243,E,60.5,M
20201028002726100,3727.03635,N,12639.42243,E,60.5,M
20201028002726193,3727.03634,N,12639.42243,E,60.5,M
20201028002726292,3727.03637,N,12639.42244,E,60.5,M
20201028002726394,3727.03637,N,12639.42243,E,60.5,M
20201028002726494,3727.03640,N,12639.42244,E,60.4,M
20201028002726596,3727.03640,N,12639.42244,E,60.5,M
20201028002726694,3727.03644,N,12639.42245,E,60.4,M
20201028002726796,3727.03646,N,12639.42246,E,60.4,M
20201028002726896,3727.03648,N,12639.42246,E,60.4,M
20201028002726997,3727.03649,N,12639.42246,E,60.4,M
20201028002727093,3727.03649,N,12639.42245,E,60.4,M
20201028002727195,3727.03652,N,12639.42246,E,60.4,M
20201028002727293,3727.03656,N,12639.42246,E,60.4,M
20201028002727400,3727.03660,N,12639.42247,E,60.4,M
20201028002727495,3727.03664,N,12639.42248,E,60.3,M
20201028002727597,3727.03665,N,12639.42248,E,60.3,M
20201028002727695,3727.03668,N,12639.42247,E,60.3,M
20201028002727799,3727.03672,N,12639.42247,E,60.3,M
20201028002727897,3727.03676,N,12639.42249,E,60.3,M
20201028002727998,3727.03681,N,12639.42249,E,60.3,M
20201028002728103,3727.03686,N,12639.42250,E,60.2,M
20201028002728197,3727.03692,N,12639.42252,E,60.1,M
20201028002728297,3727.03693,N,12639.42251,E,60.1,M
20201028002728397,3727.03700,N,12639.42253,E,60.0,M
20201028002728489,3727.03706,N,12639.42252,E,60.0,M
20201028002728597,3727.03714,N,12639.42254,E,59.9,M
20201028002728699,3727.03719,N,12639.42254,E,59.8,M
20201028002728796,3727.03721,N,12639.42256,E,59.8,M
20201028002728898,3727.03724,N,12639.42257,E,59.8,M
20201028002728997,3727.03726,N,12639.42256,E,59.8,M
20201028002729099,3727.03728,N,12639.42257,E,59.8,M
20201028002729197,3727.03730,N,12639.42257,E,59.8,M
20201028002729297,3727.03732,N,12639.42257,E,59.8,M
20201028002729397,3727.03735,N,12639.42259,E,59.8,M
20201028002729495,3727.03741,N,12639.42258,E,59.8,M
20201028002729592,3727.03745,N,12639.42261,E,59.8,M
20201028002729691,3727.03745,N,12639.42259,E,59.8,M
20201028002729789,3727.03747,N,12639.42260,E,59.8,M
20201028002729892,3727.03748,N,12639.42260,E,59.8,M
20201028002729993,3727.03751,N,12639.42261,E,59.9,M
20201028002730097,3727.03753,N,12639.42260,E,59.9,M
20201028002730197,3727.03759,N,12639.42261,E,59.8,M
20201028002730297,3727.03761,N,12639.42264,E,59.8,M
20201028002730398,3727.03766,N,12639.42263,E,59.8,M
20201028002730499,3727.03773,N,12639.42264,E,59.8,M
20201028002730595,3727.03776,N,12639.42266,E,59.7,M
20201028002730696,3727.03780,N,12639.42267,E,59.8,M
20201028002730793,3727.03782,N,12639.42266,E,59.8,M
20201028002730895,3727.03785,N,12639.42266,E,59.7,M
20201028002730995,3727.03787,N,12639.42266,E,59.7,M
20201028002731096,3727.03791,N,12639.42267,E,59.7,M
20201028002731188,3727.03794,N,12639.42266,E,59.6,M
20201028002731294,3727.03798,N,12639.42268,E,59.6,M
20201028002731394,3727.03797,N,12639.42266,E,59.6,M
20201028002731499,3727.03801,N,12639.42268,E,59.6,M
20201028002731601,3727.03804,N,12639.42268,E,59.6,M
20201028002731703,3727.03807,N,12639.42269,E,59.6,M
20201028002731798,3727.03810,N,12639.42270,E,59.5,M
20201028002731899,3727.03811,N,12639.42270,E,59.6,M
20201028002731996,3727.03814,N,12639.42269,E,59.6,M
20201028002732101,3727.03818,N,12639.42272,E,59.6,M
20201028002732199,3727.03816,N,12639.42268,E,59.6,M
20201028002732301,3727.03820,N,12639.42271,E,59.6,M
20201028002732401,3727.03821,N,12639.42270,E,59.6,M
20201028002732497,3727.03823,N,12639.42271,E,59.6,M
20201028002732588,3727.03825,N,12639.42271,E,59.6,M
20201028002732697,3727.03825,N,12639.42270,E,59.6,M
20201028002732793,3727.03825,N,12639.42270,E,59.7,M
20201028002732897,3727.03827,N,12639.42271,E,59.6,M
20201028002732995,3727.03825,N,12639.42270,E,59.7,M
20201028002733097,3727.03825,N,12639.42269,E,59.7,M
20201028002733192,3727.03830,N,12639.42269,E,59.7,M
20201028002733292,3727.03830,N,12639.42270,E,59.7,M
20201028002733393,3727.03829,N,12639.42269,E,59.8,M
20201028002733497,3727.03829,N,12639.42267,E,59.9,M
20201028002733597,3727.03826,N,12639.42267,E,59.8,M
20201028002733697,3727.03828,N,12639.42267,E,59.9,M
20201028002733800,3727.03827,N,12639.42265,E,60.0,M
20201028002733890,3727.03829,N,12639.42265,E,60.0,M
20201028002733992,3727.03827,N,12639.42264,E,60.0,M
20201028002734097,3727.03827,N,12639.42264,E,60.1,M
20201028002734194,3727.03830,N,12639.42266,E,60.2,M
20201028002734297,3727.03831,N,12639.42266,E,60.2,M
20201028002734393,3727.03829,N,12639.42263,E,60.2,M
20201028002734493,3727.03828,N,12639.42262,E,60.3,M
20201028002734593,3727.03827,N,12639.42262,E,60.5,M
20201028002734698,3727.03827,N,12639.42261,E,60.4,M
20201028002734797,3727.03827,N,12639.42261,E,60.5,M
20201028002734896,3727.03825,N,12639.42259,E,60.5,M
20201028002734997,3727.03823,N,12639.42258,E,60.6,M
20201028002735097,3727.03823,N,12639.42258,E,60.7,M
20201028002735192,3727.03824,N,12639.42258,E,60.7,M
20201028002735288,3727.03819,N,12639.42254,E,60.7,M
20201028002735394,3727.03823,N,12639.42255,E,60.8,M
20201028002735494,3727.03821,N,12639.42253,E,60.9,M
20201028002735597,3727.03820,N,12639.42253,E,61.0,M
20201028002735697,3727.03818,N,12639.42252,E,61.0,M
20201028002735792,3727.03819,N,12639.42251,E,61.1,M
20201028002735893,3727.03818,N,12639.42251,E,61.1,M
20201028002735994,3727.03816,N,12639.42249,E,61.2,M
20201028002736101,3727.03816,N,12639.42250,E,61.3,M
20201028002736193,3727.03814,N,12639.42248,E,61.3,M
20201028002736292,3727.03814,N,12639.42247,E,61.4,M
20201028002736391,3727.03812,N,12639.42245,E,61.5,M
20201028002736493,3727.03810,N,12639.42243,E,61.6,M
20201028002736585,3727.03810,N,12639.42244,E,61.6,M
20201028002736688,3727.03808,N,12639.42239,E,61.7,M
20201028002736793,3727.03807,N,12639.42239,E,61.7,M
20201028002736894,3727.03806,N,12639.42238,E,61.8,M
20201028002736993,3727.03804,N,12639.42237,E,61.8,M
20201028002737094,3727.03804,N,12639.42236,E,61.9,M
20201028002737196,3727.03803,N,12639.42233,E,62.0,M
20201028002737292,3727.03801,N,12639.42233,E,62.0,M
20201028002737396,3727.03801,N,12639.42231,E,62.1,M
20201028002737493,3727.03801,N,12639.42231,E,62.1,M
20201028002737595,3727.03799,N,12639.42228,E,62.3,M
20201028002737694,3727.03796,N,12639.42227,E,62.3,M
20201028002737795,3727.03793,N,12639.42223,E,62.4,M
20201028002737895,3727.03793,N,12639.42222,E,62.5,M
20201028002737988,3727.03792,N,12639.42221,E,62.6,M
20201028002738097,3727.03790,N,12639.42219,E,62.7,M
20201028002738197,3727.03790,N,12639.42218,E,62.7,M
20201028002738293,3727.03787,N,12639.42216,E,62.8,M
20201028002738397,3727.03788,N,12639.42217,E,62.8,M
20201028002738492,3727.03785,N,12639.42213,E,62.9,M
20201028002738597,3727.03786,N,12639.42213,E,63.0,M
20201028002738693,3727.03782,N,12639.42211,E,63.0,M
20201028002738799,3727.03783,N,12639.42211,E,63.1,M
20201028002738900,3727.03780,N,12639.42207,E,63.2,M
20201028002738999,3727.03778,N,12639.42205,E,63.3,M
20201028002739097,3727.03778,N,12639.42204,E,63.3,M
20201028002739196,3727.03776,N,12639.42202,E,63.4,M
20201028002739293,3727.03772,N,12639.42198,E,63.5,M
20201028002739391,3727.03773,N,12639.42198,E,63.5,M
20201028002739499,3727.03768,N,12639.42194,E,63.6,M
20201028002739595,3727.03767,N,12639.42193,E,63.7,M
20201028002739696,3727.03766,N,12639.42192,E,63.7,M
20201028002739798,3727.03766,N,12639.42191,E,63.8,M
20201028002739896,3727.03764,N,12639.42189,E,63.9,M
20201028002739995,3727.03763,N,12639.42189,E,63.9,M
20201028002740097,3727.03762,N,12639.42186,E,64.0,M
20201028002740194,3727.03763,N,12639.42186,E,64.1,M
20201028002740295,3727.03760,N,12639.42183,E,64.2,M
20201028002740392,3727.03759,N,12639.42181,E,64.2,M
20201028002740488,3727.03760,N,12639.42181,E,64.3,M
20201028002740593,3727.03760,N,12639.42181,E,64.5,M
20201028002740688,3727.03758,N,12639.42178,E,64.6,M
20201028002740790,3727.03760,N,12639.42179,E,64.6,M
20201028002740894,3727.03758,N,12639.42176,E,64.8,M
20201028002740995,3727.03756,N,12639.42176,E,64.8,M
20201028002741095,3727.03753,N,12639.42172,E,65.0,M
20201028002741197,3727.03755,N,12639.42173,E,65.0,M
20201028002741293,3727.03751,N,12639.42167,E,65.2,M
20201028002741397,3727.03755,N,12639.42169,E,65.3,M
20201028002741492,3727.03753,N,12639.42168,E,65.4,M
20201028002741596,3727.03749,N,12639.42164,E,65.5,M
20201028002741695,3727.03750,N,12639.42165,E,65.5,M
20201028002741797,3727.03746,N,12639.42161,E,65.6,M
20201028002741898,3727.03749,N,12639.42163,E,65.7,M
20201028002741995,3727.03746,N,12639.42161,E,65.7,M
20201028002742088,3727.03745,N,12639.42159,E,65.8,M
20201028002742196,3727.03743,N,12639.42159,E,65.8,M
20201028002742295,3727.03743,N,12639.42159,E,65.9,M
20201028002742397,3727.03743,N,12639.42159,E,65.9,M
20201028002742498,3727.03741,N,12639.42157,E,66.0,M
20201028002742600,3727.03739,N,12639.42155,E,66.1,M
20201028002742698,3727.03737,N,12639.42153,E,66.2,M
20201028002742798,3727.03736,N,12639.42152,E,66.3,M
20201028002742893,3727.03735,N,12639.42152,E,66.3,M
20201028002742996,3727.03733,N,12639.42151,E,66.3,M
20201028002743096,3727.03732,N,12639.42149,E,66.4,M
20201028002743195,3727.03731,N,12639.42148,E,66.4,M
20201028002743291,3727.03731,N,12639.42147,E,66.5,M
20201028002743387,3727.03731,N,12639.42149,E,66.5,M
20201028002743487,3727.03730,N,12639.42146,E,66.5,M
20201028002743593,3727.03728,N,12639.42145,E,66.6,M
20201028002743691,3727.03729,N,12639.42146,E,66.6,M
20201028002743796,3727.03727,N,12639.42144,E,66.7,M
20201028002743894,3727.03727,N,12639.42144,E,66.7,M
20201028002743996,3727.03724,N,12639.42143,E,66.7,M
20201028002744098,3727.03725,N,12639.42144,E,66.8,M
20201028002744194,3727.03724,N,12639.42142,E,66.8,M
20201028002744294,3727.03724,N,12639.42143,E,66.8,M
20201028002744392,3727.03723,N,12639.42143,E,66.8,M
20201028002744492,3727.03723,N,12639.42144,E,66.8,M
20201028002744593,3727.03722,N,12639.42142,E,66.9,M
20201028002744689,3727.03723,N,12639.42144,E,66.9,M
20201028002744784,3727.03724,N,12639.42145,E,66.9,M
20201028002744893,3727.03725,N,12639.42147,E,66.9,M
20201028002744995,3727.03727,N,12639.42149,E,66.9,M
20201028002745098,3727.03728,N,12639.42152,E,66.9,M
20201028002745198,3727.03727,N,12639.42151,E,66.9,M
20201028002745294,3727.03727,N,12639.42151,E,66.9,M
20201028002745396,3727.03727,N,12639.42153,E,67.0,M
20201028002745494,3727.03726,N,12639.42152,E,67.0,M
20201028002745595,3727.03724,N,12639.42152,E,67.0,M
20201028002745696,3727.03724,N,12639.42152,E,67.1,M
20201028002745794,3727.03726,N,12639.42154,E,67.1,M
20201028002745893,3727.03726,N,12639.42156,E,67.0,M
20201028002745994,3727.03726,N,12639.42154,E,67.1,M
20201028002746092,3727.03724,N,12639.42156,E,67.1,M
20201028002746186,3727.03726,N,12639.42158,E,67.1,M
20201028002746294,3727.03726,N,12639.42158,E,67.2,M
20201028002746394,3727.03726,N,12639.42157,E,67.2,M
20201028002746495,3727.03725,N,12639.42156,E,67.3,M
20201028002746593,3727.03727,N,12639.42158,E,67.3,M
20201028002746698,3727.03726,N,12639.42158,E,67.4,M
20201028002746794,3727.03728,N,12639.42157,E,67.5,M
20201028002746896,3727.03726,N,12639.42157,E,67.6,M
20201028002746994,3727.03727,N,12639.42157,E,67.6,M
20201028002747097,3727.03726,N,12639.42155,E,67.7,M
20201028002747194,3727.03729,N,12639.42157,E,67.7,M
20201028002747294,3727.03728,N,12639.42157,E,67.8,M
20201028002747391,3727.03729,N,12639.42157,E,67.9,M
20201028002747487,3727.03727,N,12639.42156,E,67.9,M
20201028002747587,3727.03726,N,12639.42156,E,68.0,M
20201028002747693,3727.03728,N,12639.42158,E,68.0,M
20201028002747793,3727.03727,N,12639.42157,E,68.0,M
20201028002747891,3727.03726,N,12639.42155,E,68.1,M
20201028002747993,3727.03726,N,12639.42155,E,68.2,M
20201028002748098,3727.03726,N,12639.42156,E,68.2,M
20201028002748194,3727.03725,N,12639.42156,E,68.2,M
20201028002748294,3727.03723,N,12639.42151,E,68.4,M
20201028002748395,3727.03724,N,12639.42154,E,68.4,M
20201028002748494,3727.03725,N,12639.42155,E,68.4,M
20201028002748595,3727.03723,N,12639.42153,E,68.5,M
20201028002748694,3727.03723,N,12639.42153,E,68.4,M
20201028002748787,3727.03721,N,12639.42151,E,68.5,M
20201028002748885,3727.03726,N,12639.42153,E,68.5,M
20201028002748994,3727.03723,N,12639.42152,E,68.5,M
20201028002749096,3727.03723,N,12639.42153,E,68.5,M
20201028002749195,3727.03725,N,12639.42154,E,68.5,M
20201028002749293,3727.03721,N,12639.42151,E,68.5,M
20201028002749396,3727.03721,N,12639.42152,E,68.5,M
20201028002749494,3727.03723,N,12639.42152,E,68.5,M
20201028002749591,3727.03723,N,12639.42153,E,68.5,M
20201028002749693,3727.03724,N,12639.42154,E,68.5,M
20201028002749792,3727.03723,N,12639.42154,E,68.5,M
20201028002749893,3727.03726,N,12639.42156,E,68.5,M
20201028002749993,3727.03727,N,12639.42157,E,68.5,M
20201028002750094,3727.03726,N,12639.42157,E,68.5,M
20201028002750183,3727.03726,N,12639.42157,E,68.5,M
20201028002750287,3727.03725,N,12639.42157,E,68.4,M
20201028002750394,3727.03725,N,12639.42155,E,68.5,M
20201028002750492,3727.03726,N,12639.42159,E,68.4,M
20201028002750592,3727.03724,N,12639.42159,E,68.4,M
20201028002750697,3727.03722,N,12639.42157,E,68.5,M
20201028002750795,3727.03722,N,12639.42157,E,68.5,M
20201028002750900,3727.03721,N,12639.42158,E,68.5,M
20201028002750991,3727.03719,N,12639.42156,E,68.6,M
20201028002751096,3727.03720,N,12639.42158,E,68.5,M
20201028002751194,3727.03718,N,12639.42157,E,68.6,M
20201028002751294,3727.03716,N,12639.42157,E,68.5,M
20201028002751393,3727.03716,N,12639.42156,E,68.6,M
20201028002751496,3727.03715,N,12639.42154,E,68.6,M
20201028002751586,3727.03713,N,12639.42154,E,68.6,M
20201028002751698,3727.03710,N,12639.42152,E,68.6,M
20201028002751798,3727.03712,N,12639.42155,E,68.6,M
20201028002751898,3727.03710,N,12639.42153,E,68.6,M
20201028002751998,3727.03709,N,12639.42152,E,68.6,M
20201028002752112,3727.03709,N,12639.42152,E,68.6,M
20201028002752196,3727.03708,N,12639.42153,E,68.6,M
20201028002752293,3727.03708,N,12639.42152,E,68.6,M
20201028002752393,3727.03709,N,12639.42153,E,68.6,M
20201028002752495,3727.03706,N,12639.42152,E,68.6,M
20201028002752596,3727.03707,N,12639.42154,E,68.6,M
20201028002752698,3727.03705,N,12639.42153,E,68.6,M
20201028002752796,3727.03705,N,12639.42152,E,68.6,M
20201028002752889,3727.03702,N,12639.42153,E,68.6,M
20201028002752989,3727.03702,N,12639.42153,E,68.6,M
20201028002753095,3727.03702,N,12639.42153,E,68.6,M
20201028002753197,3727.03698,N,12639.42150,E,68.6,M
20201028002753294,3727.03697,N,12639.42153,E,68.6,M
20201028002753395,3727.03694,N,12639.42152,E,68.6,M
20201028002753493,3727.03697,N,12639.42153,E,68.6,M
20201028002753594,3727.03695,N,12639.42155,E,68.5,M
20201028002753694,3727.03694,N,12639.42154,E,68.5,M
20201028002753794,3727.03693,N,12639.42155,E,68.5,M
20201028002753893,3727.03691,N,12639.42154,E,68.5,M
20201028002753991,3727.03692,N,12639.42155,E,68.4,M
20201028002754099,3727.03693,N,12639.42156,E,68.4,M
20201028002754194,3727.03692,N,12639.42157,E,68.4,M
20201028002754284,3727.03692,N,12639.42157,E,68.3,M
20201028002754393,3727.03692,N,12639.42159,E,68.3,M
20201028002754493,3727.03694,N,12639.42161,E,68.2,M
20201028002754594,3727.03693,N,12639.42161,E,68.2,M
20201028002754692,3727.03693,N,12639.42164,E,68.1,M
20201028002754793,3727.03696,N,12639.42167,E,68.0,M
20201028002754893,3727.03694,N,12639.42167,E,68.0,M
20201028002754992,3727.03694,N,12639.42168,E,67.9,M
20201028002755092,3727.03693,N,12639.42168,E,67.9,M
20201028002755197,3727.03694,N,12639.42170,E,67.8,M
20201028002755295,3727.03696,N,12639.42172,E,67.7,M
20201028002755397,3727.03695,N,12639.42174,E,67.7,M
20201028002755495,3727.03696,N,12639.42175,E,67.6,M
20201028002755593,3727.03697,N,12639.42178,E,67.6,M
20201028002755685,3727.03698,N,12639.42180,E,67.5,M
20201028002755787,3727.03698,N,12639.42180,E,67.5,M
20201028002755892,3727.03698,N,12639.42181,E,67.4,M
20201028002755990,3727.03698,N,12639.42182,E,67.4,M
20201028002756093,3727.03700,N,12639.42185,E,67.3,M
20201028002756194,3727.03700,N,12639.42187,E,67.2,M
20201028002756292,3727.03700,N,12639.42189,E,67.2,M
20201028002756393,3727.03701,N,12639.42190,E,67.1,M
20201028002756491,3727.03701,N,12639.42191,E,67.0,M
20201028002756598,3727.03705,N,12639.42194,E,66.9,M
20201028002756695,3727.03705,N,12639.42197,E,66.9,M
20201028002756796,3727.03706,N,12639.42201,E,66.7,M
20201028002756892,3727.03708,N,12639.42203,E,66.6,M
20201028002756988,3727.03710,N,12639.42206,E,66.5,M
20201028002757090,3727.03709,N,12639.42207,E,66.5,M
20201028002757193,3727.03712,N,12639.42212,E,66.4,M
20201028002757292,3727.03715,N,12639.42217,E,66.3,M
20201028002757392,3727.03716,N,12639.42220,E,66.2,M
20201028002757493,3727.03716,N,12639.42220,E,66.1,M
20201028002757596,3727.03718,N,12639.42223,E,66.0,M
20201028002757693,3727.03720,N,12639.42228,E,65.9,M
20201028002757793,3727.03723,N,12639.42232,E,65.8,M
20201028002757893,3727.03724,N,12639.42234,E,65.7,M
20201028002757995,3727.03726,N,12639.42237,E,65.7,M
20201028002758096,3727.03727,N,12639.42239,E,65.6,M
20201028002758197,3727.03728,N,12639.42241,E,65.6,M
20201028002758291,3727.03730,N,12639.42244,E,65.5,M
20201028002758386,3727.03733,N,12639.42249,E,65.4,M
20201028002758493,3727.03735,N,12639.42252,E,65.3,M
20201028002758592,3727.03737,N,12639.42255,E,65.3,M
20201028002758694,3727.03738,N,12639.42257,E,65.2,M
20201028002758792,3727.03739,N,12639.42260,E,65.1,M
20201028002758897,3727.03741,N,12639.42263,E,65.0,M
20201028002758992,3727.03743,N,12639.42267,E,65.0,M
20201028002759097,3727.03745,N,12639.42270,E,64.8,M
20201028002759198,3727.03745,N,12639.42270,E,64.8,M
20201028002759294,3727.03745,N,12639.42272,E,64.8,M
20201028002759396,3727.03748,N,12639.42276,E,64.7,M
20201028002759493,3727.03750,N,12639.42279,E,64.6,M
20201028002759596,3727.03751,N,12639.42280,E,64.6,M
20201028002759690,3727.03752,N,12639.42282,E,64.6,M
20201028002759787,3727.03755,N,12639.42287,E,64.5,M
20201028002759893,3727.03755,N,12639.42288,E,64.4,M
20201028002759994,3727.03757,N,12639.42290,E,64.4,M
20201028002800098,3727.03759,N,12639.42291,E,64.4,M
20201028002800196,3727.03762,N,12639.42297,E,64.3,M
20201028002800296,3727.03765,N,12639.42300,E,64.2,M
20201028002800395,3727.03764,N,12639.42301,E,64.1,M
20201028002800496,3727.03765,N,12639.42302,E,64.1,M
20201028002800594,3727.03767,N,12639.42305,E,64.0,M
20201028002800696,3727.03772,N,12639.42311,E,63.9,M
20201028002800796,3727.03772,N,12639.42312,E,63.9,M
20201028002800897,3727.03774,N,12639.42314,E,63.9,M
20201028002800995,3727.03777,N,12639.42319,E,63.8,M
20201028002801088,3727.03780,N,12639.42322,E,63.7,M
20201028002801192,3727.03782,N,12639.42324,E,63.7,M
20201028002801298,3727.03782,N,12639.42323,E,63.7,M
20201028002801396,3727.03783,N,12639.42327,E,63.7,M
20201028002801496,3727.03786,N,12639.42330,E,63.6,M
20201028002801596,3727.03789,N,12639.42333,E,63.5,M
20201028002801699,3727.03790,N,12639.42334,E,63.5,M
20201028002801798,3727.03791,N,12639.42336,E,63.5,M
20201028002801898,3727.03792,N,12639.42338,E,63.5,M
20201028002802000,3727.03795,N,12639.42343,E,63.4,M
20201028002802105,3727.03797,N,12639.42344,E,63.3,M
20201028002802208,3727.03798,N,12639.42347,E,63.3,M
20201028002802311,3727.03799,N,12639.42347,E,63.3,M
20201028002802403,3727.03801,N,12639.42352,E,63.2,M
20201028002802491,3727.03799,N,12639.42349,E,63.3,M
20201028002802603,3727.03802,N,12639.42354,E,63.2,M
20201028002802701,3727.03803,N,12639.42356,E,63.1,M
20201028002802805,3727.03802,N,12639.42355,E,63.2,M
20201028002802895,3727.03803,N,12639.42358,E,63.1,M
20201028002802997,3727.03803,N,12639.42358,E,63.1,M
20201028002803103,3727.03801,N,12639.42356,E,63.1,M
20201028002803208,3727.03803,N,12639.42359,E,63.1,M
20201028002803300,3727.03804,N,12639.42363,E,63.0,M
20201028002803402,3727.03804,N,12639.42364,E,63.0,M
20201028002803499,3727.03804,N,12639.42365,E,63.0,M
20201028002803601,3727.03805,N,12639.42367,E,62.9,M
20201028002803698,3727.03806,N,12639.42368,E,62.9,M
20201028002803788,3727.03803,N,12639.42367,E,62.9,M
20201028002803891,3727.03804,N,12639.42369,E,62.9,M
20201028002803997,3727.03803,N,12639.42369,E,62.9,M
20201028002804099,3727.03803,N,12639.42371,E,62.9,M
20201028002804200,3727.03803,N,12639.42372,E,62.9,M
20201028002804300,3727.03805,N,12639.42376,E,62.8,M
20201028002804400,3727.03805,N,12639.42379,E,62.8,M
20201028002804500,3727.03804,N,12639.42379,E,62.8,M
20201028002804591,3727.03804,N,12639.42379,E,62.7,M
20201028002804693,3727.03804,N,12639.42381,E,62.7,M
20201028002804800,3727.03803,N,12639.42381,E,62.7,M
20201028002804901,3727.03803,N,12639.42382,E,62.6,M
20201028002804997,3727.03802,N,12639.42382,E,62.7,M
20201028002805097,3727.03801,N,12639.42383,E,62.6,M
20201028002805186,3727.03800,N,12639.42384,E,62.6,M
20201028002805296,3727.03801,N,12639.42384,E,62.6,M
20201028002805395,3727.03799,N,12639.42384,E,62.6,M
20201028002805497,3727.03800,N,12639.42387,E,62.5,M
20201028002805599,3727.03798,N,12639.42386,E,62.5,M
20201028002805697,3727.03797,N,12639.42385,E,62.5,M
20201028002805795,3727.03796,N,12639.42388,E,62.5,M
20201028002805898,3727.03797,N,12639.42390,E,62.5,M
20201028002805994,3727.03795,N,12639.42389,E,62.5,M
20201028002806099,3727.03792,N,12639.42388,E,62.5,M
20201028002806194,3727.03795,N,12639.42393,E,62.4,M
20201028002806296,3727.03795,N,12639.42396,E,62.3,M
20201028002806398,3727.03793,N,12639.42396,E,62.3,M
20201028002806488,3727.03792,N,12639.42397,E,62.2,M
20201028002806587,3727.03795,N,12639.42401,E,62.2,M
20201028002806694,3727.03792,N,12639.42401,E,62.2,M
20201028002806795,3727.03787,N,12639.42399,E,62.2,M
20201028002806896,3727.03789,N,12639.42401,E,62.1,M
20201028002806996,3727.03791,N,12639.42405,E,62.1,M
20201028002807097,3727.03788,N,12639.42404,E,62.1,M
20201028002807194,3727.03785,N,12639.42404,E,62.1,M
20201028002807297,3727.03788,N,12639.42409,E,61.9,M
20201028002807395,3727.03786,N,12639.42408,E,61.9,M
20201028002807497,3727.03786,N,12639.42409,E,61.9,M
20201028002807596,3727.03785,N,12639.42410,E,61.9,M
20201028002807700,3727.03783,N,12639.42410,E,61.8,M
20201028002807801,3727.03783,N,12639.42412,E,61.7,M
20201028002807889,3727.03781,N,12639.42412,E,61.7,M
20201028002807999,3727.03780,N,12639.42412,E,61.7,M
20201028002808099,3727.03778,N,12639.42412,E,61.7,M
20201028002808198,3727.03778,N,12639.42414,E,61.6,M
20201028002808302,3727.03774,N,12639.42412,E,61.7,M
20201028002808398,3727.03773,N,12639.42413,E,61.7,M
20201028002808495,3727.03774,N,12639.42415,E,61.6,M
20201028002808599,3727.03772,N,12639.42416,E,61.6,M
20201028002808700,3727.03772,N,12639.42417,E,61.6,M
20201028002808798,3727.03771,N,12639.42417,E,61.6,M
20201028002808897,3727.03769,N,12639.42418,E,61.6,M
20201028002808999,3727.03768,N,12639.42419,E,61.6,M
20201028002809100,3727.03767,N,12639.42419,E,61.5,M
20201028002809200,3727.03766,N,12639.42418,E,61.6,M
20201028002809291,3727.03764,N,12639.42418,E,61.6,M
20201028002809403,3727.03761,N,12639.42418,E,61.6,M
20201028002809499,3727.03762,N,12639.42419,E,61.6,M
20201028002809601,3727.03759,N,12639.42417,E,61.6,M
20201028002809706,3727.03756,N,12639.42414,E,61.6,M
20201028002809802,3727.03755,N,12639.42415,E,61.6,M
20201028002809901,3727.03753,N,12639.42415,E,61.6,M
20201028002810002,3727.03752,N,12639.42413,E,61.7,M
20201028002810103,3727.03749,N,12639.42412,E,61.7,M
20201028002810200,3727.03747,N,12639.42412,E,61.7,M
20201028002810299,3727.03746,N,12639.42410,E,61.7,M
20201028002810400,3727.03744,N,12639.42409,E,61.8,M
20201028002810497,3727.03742,N,12639.42407,E,61.8,M
20201028002810590,3727.03743,N,12639.42409,E,61.8,M
20201028002810692,3727.03741,N,12639.42407,E,61.8,M
20201028002810804,3727.03741,N,12639.42407,E,61.8,M
20201028002810896,3727.03740,N,12639.42405,E,61.8,M
20201028002811002,3727.03740,N,12639.42408,E,61.7,M
20201028002811099,3727.03740,N,12639.42408,E,61.7,M
20201028002811202,3727.03737,N,12639.42404,E,61.8,M
20201028002811295,3727.03738,N,12639.42405,E,61.8,M
20201028002811399,3727.03739,N,12639.42407,E,61.8,M
20201028002811497,3727.03741,N,12639.42410,E,61.7,M
20201028002811599,3727.03740,N,12639.42409,E,61.7,M
20201028002811698,3727.03740,N,12639.42409,E,61.7,M
20201028002811801,3727.03740,N,12639.42410,E,61.7,M
20201028002811897,3727.03740,N,12639.42411,E,61.7,M
20201028002811993,3727.03741,N,12639.42411,E,61.7,M
20201028002812115,3727.03741,N,12639.42410,E,61.7,M
20201028002812201,3727.03743,N,12639.42413,E,61.7,M
20201028002812302,3727.03741,N,12639.42411,E,61.8,M
20201028002812402,3727.03741,N,12639.42412,E,61.7,M
20201028002812500,3727.03742,N,12639.42410,E,61.7,M
20201028002812601,3727.03743,N,12639.42413,E,61.8,M
20201028002812706,3727.03743,N,12639.42414,E,61.7,M
20201028002812795,3727.03743,N,12639.42412,E,61.8,M
20201028002812897,3727.03743,N,12639.42412,E,61.8,M
20201028002812995,3727.03743,N,12639.42411,E,61.8,M
20201028002813097,3727.03743,N,12639.42411,E,61.9,M
20201028002813197,3727.03741,N,12639.42408,E,61.9,M
20201028002813290,3727.03743,N,12639.42409,E,61.9,M
20201028002813390,3727.03742,N,12639.42407,E,62.0,M
20201028002813497,3727.03742,N,12639.42406,E,62.0,M
20201028002813595,3727.03741,N,12639.42405,E,62.1,M
20201028002813704,3727.03741,N,12639.42403,E,62.1,M
20201028002813796,3727.03743,N,12639.42404,E,62.1,M
20201028002813895,3727.03743,N,12639.42405,E,62.1,M
20201028002813995,3727.03745,N,12639.42404,E,62.1,M
20201028002814103,3727.03742,N,12639.42401,E,62.2,M
20201028002814198,3727.03743,N,12639.42402,E,62.2,M
20201028002814297,3727.03744,N,12639.42401,E,62.2,M
20201028002814404,3727.03745,N,12639.42402,E,62.3,M
20201028002814499,3727.03746,N,12639.42402,E,62.3,M
20201028002814599,3727.03745,N,12639.42400,E,62.3,M
20201028002814694,3727.03746,N,12639.42401,E,62.3,M
20201028002814794,3727.03747,N,12639.42401,E,62.4,M
20201028002814899,3727.03749,N,12639.42402,E,62.4,M
20201028002815000,3727.03748,N,12639.42400,E,62.4,M
20201028002815099,3727.03749,N,12639.42400,E,62.5,M
20201028002815202,3727.03749,N,12639.42400,E,62.6,M
20201028002815298,3727.03750,N,12639.42400,E,62.6,M
20201028002815403,3727.03750,N,12639.42399,E,62.6,M
20201028002815497,3727.03749,N,12639.42398,E,62.6,M
20201028002815599,3727.03749,N,12639.42397,E,62.6,M
20201028002815696,3727.03747,N,12639.42396,E,62.7,M
20201028002815801,3727.03750,N,12639.42398,E,62.7,M
20201028002815896,3727.03749,N,12639.42396,E,62.7,M
20201028002816000,3727.03750,N,12639.42396,E,62.7,M
20201028002816088,3727.03749,N,12639.42396,E,62.8,M
20201028002816199,3727.03747,N,12639.42394,E,62.8,M
20201028002816296,3727.03749,N,12639.42397,E,62.8,M
20201028002816401,3727.03749,N,12639.42396,E,62.8,M
20201028002816496,3727.03750,N,12639.42399,E,62.8,M
20201028002816599,3727.03748,N,12639.42396,E,62.9,M
20201028002816696,3727.03751,N,12639.42399,E,62.8,M
20201028002816798,3727.03751,N,12639.423